{"0-7 test set": {"loss": 0.02677980437874794, "accuracy": 0.9933890700340271}}