{"0-7 test set": {"loss": 0.03605879843235016, "accuracy": 0.9900212287902832}, 
"8-9 test set": {"loss": 0.0849984735250473, "accuracy": 0.9707514047622681}, 
"full test set": {"loss": 0.0457635261118412, "accuracy": 0.9861999750137329}}